target_word,sense,synset_gloss
album,album.n.01,one or more recordings issued together; originally released on 12-inch phonograph records (usually with attractive record covers) and later on cassette audiotape and compact disc
album,album.n.02,a book of blank pages with pockets or envelopes; for organizing photographs or stamp collections etc
area,area.n.01,a particular geographical region of indefinite boundary (usually serving some special purpose or distinguished by its people or culture or geography)
area,area.n.02,a subject of study
area,area.n.03,a part of an animal that has a special function or is supplied by a given artery or nerve
area,sphere.n.01,a particular environment or walk of life
area,area.n.05,a part of a structure having some specific characteristic or function
area,area.n.06,the extent of a 2-dimensional surface enclosed within a boundary
article,article.n.01,nonfictional prose forming an independent part of a publication
article,article.n.02,one of a class of artifacts
article,article.n.03,a separate section of a legal document (as a statute or contract or will)
article,article.n.04,(grammar) a determiner that may indicate the specificity of reference of a noun phrase
ball,ball.n.01,round object that is hit or thrown or kicked in games
ball,musket_ball.n.01,a solid projectile that is shot by a musket
ball,ball.n.03,an object with a spherical shape
ball,ball.n.04,the people assembled at a lavish formal dance
ball,testis.n.01,one of the two male reproductive glands that produce spermatozoa and secrete androgens
ball,ball.n.06,a spherical object used as a plaything
ball,ball.n.07,United States comedienne best known as the star of a popular television program (1911-1989)
ball,ball.n.08,a compact mass
ball,ball.n.09,a lavish dance requiring formal attire
ball,ball.n.10,a more or less rounded anatomical body or mass
ball,ball.n.11,the game of baseball
ball,ball.n.12,a pitch that is not in the strike zone
bank,bank.n.01,sloping land (especially the slope beside a body of water)
bank,depository_financial_institution.n.01,a financial institution that accepts deposits and channels the money into lending activities
bank,bank.n.03,a long ridge or pile
bank,bank.n.04,an arrangement of similar objects in a row or in tiers
bank,bank.n.05,a supply or stock held in reserve for future use (especially in emergencies)
bank,bank.n.06,the funds held by a gambling house or the dealer in some gambling games
bank,bank.n.07,a slope in the turn of a road or track; the outside is higher than the inside in order to reduce the effects of centrifugal force
bank,savings_bank.n.02,a container (usually with a slot in the top) for keeping money at home
bank,bank.n.09,a building in which the business of banking transacted
bank,bank.n.10,a flight maneuver; aircraft tips laterally about its longitudinal axis (especially in turning)
bar,barroom.n.01,a room or establishment where alcoholic drinks are served over a counter
bar,bar.n.02,a counter where you can obtain food or drink
bar,bar.n.03,a rigid piece of metal or wood; usually used as a fastening or obstruction or weapon
bar,measure.n.07,musical notation for a repeating pattern of musical beats
bar,bar.n.05,an obstruction (usually metal) placed at the top of a goal
bar,prevention.n.01,the act of preventing
bar,bar.n.07,(meteorology) a unit of pressure equal to a million dynes per square centimeter
bar,bar.n.08,a submerged (or partly submerged) ridge in a river or along a shore
bar,legal_profession.n.01,the body of individuals qualified to practice law in a particular jurisdiction
bar,stripe.n.05,a narrow marking of a different color or texture from the background
bar,cake.n.01,a block of solid substance (such as soap or wax)
bar,browning_automatic_rifle.n.01,a portable .30 caliber automatic rifle operated by gas pressure and fed by cartridges from a magazine; used by United States troops in World War I and in World War II and in the Korean War
bar,bar.n.13,a horizontal rod that serves as a support for gymnasts as they perform exercises
bar,bar.n.14,a heating element in an electric fire
bar,bar.n.15,(law) a railing that encloses the part of the courtroom where the judges and lawyers sit and the case is tried
bass,bass.n.01,the lowest part of the musical range
bass,bass.n.02,the lowest part in polyphonic music
bass,bass.n.03,an adult male singer with the lowest voice
bass,sea_bass.n.01,the lean flesh of a saltwater fish of the family Serranidae
bass,freshwater_bass.n.01,any of various North American freshwater fish with lean flesh (especially of the genus Micropterus)
bass,bass.n.06,the lowest adult male singing voice
bass,bass.n.07,the member with the lowest range of a family of musical instruments
bass,bass.n.08,nontechnical name for any of numerous edible marine and freshwater spiny-finned fishes
bill,bill.n.01,a statute in draft before it becomes law
bill,bill.n.02,an itemized statement of money owed for goods shipped or services rendered
bill,bill.n.03,a piece of paper money (especially one issued by a central bank)
bill,bill.n.04,the entertainment offered at a public presentation
bill,circular.n.01,an advertisement (usually printed on a page or in a leaflet) intended for wide distribution
bill,poster.n.01,a sign posted in a public place as an advertisement
bill,bill.n.07,a list of particulars (as a playbill or bill of fare)
bill,bill.n.08,a long-handled saw with a curved blade
bill,bill.n.09,a brim that projects to the front to shade the eyes
bill,beak.n.02,horny projecting mouth of a bird
board,board.n.01,a committee having supervisory powers
board,board.n.02,a stout length of sawn timber; made in a wide variety of sizes and used for many purposes
board,board.n.03,a flat piece of material designed for a special purpose
board,board.n.04,food or meals in general
board,display_panel.n.01,a vertical surface on which information can be displayed to public view
board,dining_table.n.01,a table at which meals are served
board,control_panel.n.01,electrical device consisting of a flat insulated surface that contains switches and dials and meters for controlling other electrical devices
board,circuit_board.n.01,a printed circuit that can be inserted into expansion slots in a computer to increase the computer's capabilities
board,board.n.09,a flat portable surface (usually rectangular) designed for board games
body,body.n.01,"the entire structure of an organism (an animal, plant, or human being)"
body,body.n.02,a group of persons associated by some common tie or occupation and regarded as an entity
body,body.n.03,a natural object consisting of a dead animal or person
body,body.n.04,an individual 3-dimensional object that has mass and that is distinguishable from other objects
body,torso.n.01,the body excluding the head and neck and limbs
body,body.n.06,a collection of particulars considered as a system
body,consistency.n.01,the property of holding together and retaining its shape
body,body.n.08,the central message of a communication
body,body.n.09,the main mass of a thing
body,soundbox.n.01,a resonating chamber in a musical instrument (as the body of a violin)
body,body.n.11,the external structure of a vehicle
bowl,bowl.n.01,a round vessel that is open at the top; used chiefly for holding food or liquids
bowl,bowl.n.02,a concave shape with an open top
bowl,bowl.n.03,a dish that is round and open at the top for serving foods
bowl,bowl.n.04,the quantity contained in a bowl
bowl,stadium.n.01,a large structure for open-air sports or entertainments
bowl,bowling_ball.n.01,a large ball with finger holes used in the sport of bowling
bowl,bowl.n.07,a wooden ball (with flattened sides so that it rolls on a curved course) used in the game of lawn bowling
bowl,bowl.n.08,a small round container that is open at the top for holding tobacco
bowl,roll.n.15,the act of rolling something (as the ball in bowling)
cabinet,cabinet.n.01,a piece of furniture resembling a cupboard with doors and shelves and drawers; for storage or display
cabinet,cabinet.n.02,persons appointed by a head of state to head executive departments of government and act as official advisers
cabinet,cabinet.n.03,a storage compartment for clothes and valuables; usually it has a lock
cabinet,cabinet.n.04,"housing for electronic instruments, as radio or television"
capital,capital.n.01,assets available for use in the production of further assets
capital,capital.n.02,wealth in the form of money or property owned by a person or business and human resources of economic value
capital,capital.n.03,a seat of government
capital,capital.n.04,one of the large alphabetic characters used as the first letter in writing or printing proper names and sometimes for emphasis
capital,capital.n.05,a center that is associated more than any other with some activity or product
capital,capital.n.06,the federal government of the United States
capital,das_kapital.n.01,a book written by Karl Marx (1867) describing his economic theories
capital,capital.n.08,the upper part of a column that supports the entablature
cell,cell.n.01,any small compartment
cell,cell.n.02,(biology) the basic structural and functional unit of all organisms; they may exist as independent units of life (as in monads) or may form colonies or tissues as in higher plants and animals
cell,cell.n.03,a device that delivers an electric current as the result of a chemical reaction
cell,cell.n.04,a small unit serving as part of or as the nucleus of a larger political movement
cell,cellular_telephone.n.01,"a hand-held mobile radiotelephone for use in an area divided into small sections, each with its own short-range transmitter/receiver"
cell,cell.n.06,small room in which a monk or nun lives
cell,cell.n.07,a room where a prisoner is kept
chair,chair.n.01,"a seat for one person, with a support for the back"
chair,professorship.n.01,the position of professor
chair,president.n.04,the officer who presides at the meetings of an organization
chair,electric_chair.n.01,an instrument of execution by electrocution; resembles an ordinary seat for one person
chair,chair.n.05,a particular seat in an orchestra
change,change.n.01,an event that occurs when something passes from one state or phase to another
change,change.n.02,a relational difference between states; especially between states before and after some event
change,change.n.03,the action of changing something
change,change.n.04,the result of alteration or modification
change,change.n.05,the balance of money received when the amount you tender is greater than the amount due
change,change.n.06,a thing that is different
change,change.n.07,a different or fresh set of clothes
change,change.n.08,coins of small denomination regarded collectively
change,change.n.09,money received in return for its equivalent in a larger denomination or a different currency
change,variety.n.06,a difference that is usually pleasant
club,baseball_club.n.01,a team of professional baseball players who play and travel together
club,club.n.02,a formal association of people with similar interests
club,club.n.03,stout stick that is larger at one end
club,clubhouse.n.01,a building that is occupied by a social club
club,golf_club.n.02,golf equipment used by a golfer to hit a golf ball
club,club.n.06,a playing card in the minor suit that has one or more black trefoils on it
club,cabaret.n.01,a spot that is open late at night and that provides entertainment (as singers or dancers) as well as dancing and food and drink
company,company.n.01,an institution created to conduct business
company,company.n.02,small military unit; usually two or three platoons
company,company.n.03,the state of being with someone
company,company.n.04,organization of performers and associated personnel (especially theatrical)
company,caller.n.01,a social or business visitor
company,company.n.06,a social gathering of guests or companions
company,party.n.03,a band of people associated temporarily in some activity
company,ship's_company.n.01,crew of a ship including the officers; the whole force or personnel of a ship
company,company.n.09,a unit of firefighters including their equipment
court,court.n.01,an assembly (including one or more judges) to conduct judicial business
court,court.n.02,a room in which a lawcourt sits
court,court.n.03,the sovereign and his advisers who are the governing power of a state
court,court.n.04,a specially marked horizontal area within which a game is played
court,court.n.05,Australian woman tennis player who won many major championships (born in 1947)
court,court.n.06,the family and retinue of a sovereign or prince
court,motor_hotel.n.01,a hotel for motorists; provides direct access from rooms to parking area
court,court.n.08,a tribunal that is presided over by a magistrate or by one or more judges who administer justice according to the laws
court,court.n.09,the residence of a sovereign or nobleman
court,court.n.10,an area wholly or partly surrounded by walls or buildings
court,court.n.11,respectful deference
date,date.n.01,the specified day of the month
date,date.n.02,a participant in a date
date,date.n.03,a meeting arranged in advance
date,date.n.04,a particular but unspecified point in time
date,date.n.05,the present
date,date.n.06,"the particular day, month, or year (usually according to the Gregorian calendar) that an event occurred"
date,date.n.07,a particular day specified as the time something happens
date,date.n.08,sweet edible fruit of the date palm with a single long woody seed
energy,energy.n.01,(physics) a thermodynamic quantity equivalent to the capacity of a physical system to do work; the units of energy are joules or ergs
energy,energy.n.02,forceful exertion
energy,energy.n.03,enterprising or ambitious drive
energy,energy.n.04,an imaginative lively style (especially style of writing)
energy,energy.n.05,a healthy capacity for vigorous activity
energy,energy.n.06,any source of usable power
energy,department_of_energy.n.01,the federal department responsible for maintaining a national energy policy of the United States; created in 1977
fan,fan.n.01,a device for creating a current of air by movement of a surface or surfaces
fan,sports_fan.n.01,an enthusiastic devotee of sports
fan,fan.n.03,an ardent follower and admirer
file,file.n.01,a set of related records (either written or electronic) kept together
file,file.n.02,a line of persons or things ranged one behind the other
file,file.n.03,office furniture consisting of a container for keeping papers in order
file,file.n.04,a steel hand tool with small sharp teeth on some or all of its surfaces; used for smoothing wood or metal
form,form.n.01,the phonological or orthographic sound or appearance of a word that can be used to describe or identify something
form,kind.n.01,a category of things distinguished by some common characteristic or quality
form,form.n.03,a perceptual structure
form,shape.n.01,any spatial attributes (especially as defined by outline)
form,human_body.n.01,alternative names for the body of a human being
form,shape.n.02,the spatial arrangement of something as distinct from its substance
form,form.n.07,the visual appearance of something or someone
form,form.n.08,a printed document with spaces in which to write
form,form.n.09,(biology) a group of organisms within a species that differ in trivial ways from similar groups
form,form.n.10,an arrangement of the elements in a composition or discourse
form,form.n.11,a particular mode in which something is manifested
form,phase.n.02,(physical chemistry) a distinct state of matter in a system; matter that is identical in chemical composition and physical state and separated from other material by the phase boundary
form,class.n.02,a body of students who are taught together
form,form.n.14,an ability to perform well
form,mannequin.n.02,a life-size dummy used to display clothes
form,form.n.16,a mold for setting concrete
law,law.n.01,the collection of rules imposed by authority
law,law.n.02,legal document setting forth rules governing a particular kind of activity
law,law.n.03,a rule or body of rules of conduct inherent in human nature and essential to or binding upon human society
law,law.n.04,a generalization that describes recurring facts or events in nature
law,jurisprudence.n.01,the branch of philosophy concerned with the law and the principles that lead courts to make the decisions they do
law,law.n.06,the learned profession that is mastered by graduate study in a law school and that is responsible for the judicial system
law,police.n.01,the force of policemen and officers
leg,leg.n.01,a human limb; commonly used to refer to a whole limb but technically only the part of the limb between the knee and ankle
leg,leg.n.02,a structure in animals that is similar to a human leg and used for locomotion
leg,leg.n.03,one of the supports for a piece of furniture
leg,branch.n.03,a part of a forked or branching shape
leg,leg.n.05,the limb of an animal used for food
leg,peg.n.04,a prosthesis that replaces a missing leg
leg,leg.n.07,a cloth covering consisting of the part of a pair of trousers that covers a person's leg
leg,leg.n.08,(nautical) the distance traveled by a sailing vessel on a single tack
leg,stage.n.06,a section or portion of a journey or course
letter,letter.n.01,a written message addressed to a person or organization
letter,letter.n.02,the conventional characters of the alphabet used to represent speech
letter,letter.n.03,owner who lets another person use something (housing usually) for hire
letter,letter.n.04,a strictly literal interpretation (as distinct from the intention)
letter,letter.n.05,an award earned by participation in a school sport
line,line.n.01,a formation of people or things one beside another
line,line.n.02,a mark that is long relative to its width
line,line.n.03,a formation of people or things one behind another
line,line.n.04,a length (straight or curved) without breadth or thickness; the trace of a moving point
line,line.n.05,text consisting of a row of words written across a page or computer screen
line,line.n.06,a single frequency (or very narrow band) of radiation in a spectrum
line,line.n.07,a fortified position (especially one marking the most forward position of troops)
line,argumentation.n.02,a course of reasoning aimed at demonstrating a truth or falsehood; the methodical process of logical reasoning
line,cable.n.02,a conductor for transmitting electrical or optical signals or electric power
line,course.n.02,a connected series of events or actions or developments
line,line.n.11,a spatial location defined by a real or imaginary unidimensional extent
line,wrinkle.n.01,a slight depression in the smoothness of a surface
line,pipeline.n.02,a pipe used to transport liquids or gases
line,line.n.14,the road consisting of railroad track and roadbed
line,telephone_line.n.02,a telephone connection
line,line.n.16,acting in conformity
line,lineage.n.01,the descendants of one individual
line,line.n.18,something (as a cord or rope) that is long and thin and flexible
line,occupation.n.01,the principal activity in your life that you do to earn money
line,line.n.20,in games or sports; a mark indicating positions or bounds of the playing area
line,channel.n.05,(often plural) a means of communication or access
line,line.n.22,a particular kind of product or merchandise
line,line.n.23,a commercial organization serving as a common carrier
line,agate_line.n.01,space for one line of print (one column wide and 1/14 inch deep) used to measure advertising
line,credit_line.n.01,the maximum credit that a customer is allowed
line,tune.n.01,a succession of notes forming a distinctive sequence
line,line.n.27,persuasive but insincere talk that is usually intended to deceive or impress
line,note.n.02,a short personal letter
line,line.n.29,a conceptual separation or distinction
line,production_line.n.01,mechanical system in a factory whereby an article is conveyed through sites at which successive operations are performed on it
march,march.n.01,the month following February and preceding April
march,march.n.02,the act of marching; walking with regular steps (especially in a procession of some kind)
march,march.n.03,a steady advance
march,march.n.04,a procession of people walking together
march,borderland.n.01,district consisting of the area on either side of a border or boundary of a country or an area
march,marching_music.n.01,genre of music written for marching
march,master_of_architecture.n.01,a degree granted for the successful completion of advanced study of architecture
match,match.n.01,lighter consisting of a thin piece of wood or cardboard tipped with combustible chemical; ignites with friction
match,match.n.02,a formal contest in which two or more persons or teams compete
match,match.n.03,a burning piece of wood or cardboard
match,match.n.04,an exact duplicate
match,match.n.05,the score needed to win a match
match,catch.n.03,a person regarded as a good matrimonial prospect
match,peer.n.01,a person who is of equal standing with another in a group
match,couple.n.02,a pair of people who live together
match,match.n.09,something that resembles or harmonizes with
movement,motion.n.03,a change of position that does not entail a change of location
movement,motion.n.06,the act of changing location from one place to another
movement,movement.n.03,a natural event that involves a change in the position or location of something
movement,movement.n.04,a group of people with a common ideology who try together to achieve certain general goals
movement,movement.n.05,a major self-contained part of a symphony or sonata
movement,campaign.n.02,a series of actions advancing a principle or tending toward a particular end
movement,apparent_motion.n.01,an optical illusion of motion produced by viewing a rapid succession of still pictures of a moving object
movement,bowel_movement.n.01,a euphemism for defecation
movement,drift.n.05,a general tendency to change (as of opinion)
movement,movement.n.10,the driving and regulating parts of a mechanism (as of a watch or clock)
movement,movement.n.11,the act of changing the location of something
organ,organ.n.01,a fully differentiated structural and functional unit in an animal that is specialized for some particular function
organ,organ.n.02,a government agency or instrument devoted to the performance of some specific function
organ,electric_organ.n.01,(music) an electronic simulation of a pipe organ
organ,organ.n.04,a periodical that is published by a special interest group
organ,organ.n.05,wind instrument whose sound is produced by means of pipes arranged in sets supplied with air from a bellows and controlled from a large complex musical keyboard
organ,harmonium.n.01,a free-reed instrument in which air is forced through the reeds by bellows
part,part.n.01,something determined in relation to something that includes it
part,part.n.02,something less than the whole of a human artifact
part,part.n.03,a portion of a natural object
part,part.n.04,that which concerns a person with regard to a particular role or situation
part,region.n.01,the extended spatial location of something
part,function.n.03,the actions and activities assigned to or required or expected of a person or group
part,character.n.04,an actor's portrayal of someone in a play
part,share.n.01,assets belonging to or due to or contributed by an individual person or group
part,part.n.09,one of the portions into which something is regarded as divided and which together constitute a whole
part,part.n.10,a line of scalp that can be seen when sections of hair are combed in opposite directions
part,part.n.11,the melody carried by a particular voice or instrument in polyphonic music
part,contribution.n.01,the part played by a person in bringing about a result
period,time_period.n.01,an amount of time
period,period.n.02,the interval taken to complete one cycle of a regularly repeating phenomenon
period,period.n.03,(ice hockey) one of three divisions into which play is divided in hockey games
period,period.n.04,a unit of geological time during which a system of rocks formed
period,period.n.05,the end or completion of something
period,menstruation.n.01,the monthly discharge of blood from the uterus of nonpregnant women from puberty to menopause; ; --Hippocrates; --Aristotle
period,period.n.07,a punctuation mark (.) placed at the end of a declarative sentence to indicate a full stop or after abbreviations
place,topographic_point.n.01,a point located with respect to surface features of some region
place,place.n.02,any area set aside for a particular purpose
place,place.n.03,an abstract mental location
place,place.n.04,a general vicinity
place,stead.n.01,the post or function properly or customarily occupied or served by another
place,place.n.06,a particular situation
place,home.n.01,where you live at a particular time
place,position.n.06,a job in an organization
place,position.n.01,the particular portion of space occupied by something
place,place.n.10,proper or designated social situation
place,seat.n.01,a space reserved for sitting (as in a theater or on a train or airplane)
place,place.n.12,the passage that is being read
place,place.n.13,proper or appropriate position or location
place,plaza.n.01,a public square with room for pedestrians
place,place.n.15,an item on a list or in a sequence
place,space.n.07,a blank area
plant,plant.n.01,buildings for carrying on industrial labor
plant,plant.n.02,(botany) a living organism lacking the power of locomotion
plant,plant.n.03,an actor situated in the audience whose acting is rehearsed but seems spontaneous to the audience
plant,plant.n.04,something planted secretly for discovery by another
port,port.n.01,a place (seaport or airport) where people and merchandise can enter or leave a country
port,port.n.02,sweet dark-red dessert wine originally from Portugal
port,port.n.03,an opening (in a wall or ship or armored vehicle) for firing through
port,larboard.n.01,the left side of a ship or aircraft to someone who is aboard and facing the bow or nose
port,interface.n.04,(computer science) computer circuit consisting of the hardware and associated circuitry that links one device with another (especially a computer and a hard disk drive or other peripherals)
post,post.n.01,the position where someone (as a guard or sentry) stands or is assigned to stand
post,military_post.n.01,military installation at which a body of troops is stationed
post,position.n.06,a job in an organization
post,post.n.04,an upright consisting of a piece of timber or metal fixed firmly in an upright position
post,post.n.05,United States aviator who in 1933 made the first solo flight around the world (1899-1935)
post,post.n.06,United States female author who wrote a book and a syndicated newspaper column on etiquette (1872-1960)
post,post.n.07,United States manufacturer of breakfast cereals and Postum (1854-1914)
post,mail.n.04,any particular collection of letters or packages that is delivered
post,post.n.09,a pole or stake set up to mark something (as the start or end of a race track)
post,mail.n.02,the system whereby messages are transmitted via the post office
post,post.n.11,the delivery and collection of letters and packages
power,power.n.01,possession of controlling influence
power,power.n.02,(physics) the rate of doing work; measured in watts (= joules/second)
power,ability.n.02,possession of the qualities (especially mental qualities) required to do something or get something done
power,office.n.04,(of a government or government official) holding an office means being in power
power,power.n.05,one possessing or exercising power or influence or authority
power,exponent.n.03,a mathematical notation indicating the number of times a quantity is multiplied by itself
power,might.n.01,physical strength
power,world_power.n.01,a state powerful enough to influence events throughout the world
power,baron.n.03,a very wealthy or powerful businessman
process,procedure.n.01,a particular course of action intended to achieve a result
process,process.n.02,(psychology) the performance of some composite cognitive activity; an operation that affects mental contents
process,summons.n.03,a writ issued by authority of law; usually compels the defendant's attendance in a civil suit; failure to appear results in a default judgment against the defendant
process,process.n.04,a mental process that you are not directly aware of
process,process.n.05,a natural prolongation or projection from a part of an organism either animal or plant
process,process.n.06,a sustained phenomenon or one marked by gradual changes through a series of states
program,plan.n.01,a series of steps to be carried out or goals to be accomplished
program,program.n.02,a system of projects or services intended to meet a public need
program,broadcast.n.02,a radio or television show
program,platform.n.02,a document stating the aims and principles of a political party
program,program.n.05,an announcement of the events that will occur as part of a theatrical or sporting event
program,course_of_study.n.01,an integrated course of academic studies
program,program.n.07,(computer science) a sequence of instructions that a computer can interpret and execute
program,program.n.08,a performance (or series of performances) at a public presentation
race,race.n.01,any competition
race,race.n.02,a contest of speed
race,race.n.03,people who are believed to belong to the same genetic stock
race,subspecies.n.01,(biology) a taxonomic group that is a division of a species; usually arises as a consequence of geographical isolation within a species
race,slipstream.n.01,the flow of air that is driven backwards by an aircraft propeller
race,raceway.n.01,a canal for a current of water
record,record.n.01,anything (such as a document or a phonograph record or a photograph) providing permanent evidence of or information about past events
record,phonograph_record.n.01,sound recording consisting of a disk with a continuous groove; used to reproduce music by rotating while a phonograph needle tracks in the groove
record,record.n.03,the number of wins versus losses and ties a team has had
record,record.n.04,the sum of recognized accomplishments
record,record.n.05,a compilation of the known facts regarding something or someone
record,record.n.06,an extreme attainment; the best (or worst) performance ever attested (as in a sport)
record,record.n.07,a document that can serve as legal evidence of a transaction
record,criminal_record.n.01,a list of crimes for which an accused person has been previously convicted
result,consequence.n.01,a phenomenon that follows and is caused by some previous phenomenon
result,solution.n.02,a statement that solves a problem or explains how to solve the problem
result,result.n.03,something that results
result,resultant_role.n.01,the semantic role of the noun phrase whose referent exists only by virtue of the activity denoted by the verb in the clause
ring,ring.n.01,a characteristic sound
ring,ring.n.02,a toroidal shape
ring,hoop.n.02,a rigid circular band of metal or wood or other material used for holding or fastening or hanging or pulling
ring,closed_chain.n.01,(chemistry) a chain of atoms in a molecule that forms a closed loop
ring,gang.n.01,an association of criminals
ring,ring.n.06,the sound of a bell ringing; ; ; --E. A. Poe
ring,ring.n.07,a platform usually marked off by ropes in which contestants box or wrestle
ring,ring.n.08,jewelry consisting of a circlet of precious metal (often set with jewels) worn on the finger
ring,band.n.12,a strip of material attached to the leg of a bird to identify it (as in studies of bird migration)
rock,rock.n.01,a lump or mass of hard consolidated mineral matter
rock,rock.n.02,material consisting of the aggregate of minerals like those making up the Earth's crust
rock,rock.n.03,United States gynecologist and devout Catholic who conducted the first clinical trials of the oral contraceptive pill (1890-1984)
rock,rock.n.04,(figurative) someone who is strong and stable and dependable; ; --Gospel According to Matthew
rock,rock_candy.n.01,hard bright-colored stick candy (typically flavored with peppermint)
rock,rock_'n'_roll.n.01,a genre of popular music originating in the 1950s; a blend of black rhythm-and-blues with white country-and-western
rock,rock.n.07,pitching dangerously to one side
scale,scale.n.01,an ordered reference standard
scale,scale.n.02,relative magnitude
scale,scale.n.03,the ratio between the size of something and a representation of it
scale,scale.n.04,a specialized leaf or bract that protects a bud or catkin
scale,scale.n.05,a thin flake of dead epidermis shed from the surface of the skin
scale,scale.n.06,(music) a series of notes differing in pitch according to a specific scheme (usually within an octave)
scale,scale.n.07,a measuring instrument for weighing; shows amount of mass
scale,scale.n.08,an indicator having a graduated sequence of marks
scale,plate.n.14,a metal sheathing of uniform thickness (such as the shield attached to an artillery piece to protect the gunners)
scale,scale.n.10,a flattened rigid plate forming part of the body covering of many animals
season,season.n.01,a period of the year marked by special events or activities in some field
season,season.n.02,one of the natural periods into which the year is divided by the equinoxes and solstices or atmospheric conditions
season,season.n.03,a recurrent time marked by major holidays
second,second.n.01,1/60 of a minute; the basic unit of time adopted under the Systeme International d'Unites
second,moment.n.02,an indefinitely short time
second,second_base.n.02,the fielding position of the player on a baseball team who is stationed near the second of the bases in the infield
second,moment.n.01,a particular point in time
second,second.n.05,following the first in an ordering or series
second,second.n.06,a 60th part of a minute of arc
second,second.n.07,the official attendant of a contestant in a duel or boxing match
second,second.n.08,a speech seconding a motion
second,second_gear.n.01,the gear that has the second lowest forward gear ratio in the gear box of a motor vehicle
second,irregular.n.02,merchandise that has imperfections; usually sold at a reduced price without the brand name
sentence,sentence.n.01,a string of words satisfying the grammatical rules of a language
sentence,conviction.n.02,(criminal law) a final judgment of guilty in a criminal case and the punishment that is imposed
sentence,prison_term.n.01,the period of time a prisoner is imprisoned
service,service.n.01,work done by one person or group that benefits another
service,service.n.02,an act of help or assistance
service,service.n.03,the act of public worship following prescribed rules
service,service.n.04,a company or agency that performs a public service; subject to government regulation
service,service.n.05,employment in or work for another
service,military_service.n.01,a force that is a branch of the armed forces
service,service.n.07,Canadian writer (born in England) who wrote about life in the Yukon Territory (1874-1958)
service,avail.n.01,a means of serving
service,service.n.09,tableware consisting of a complete set of articles (silver or dishware) for use at table
service,servicing.n.01,the act of mating by male animals
service,service.n.11,(law) the acts performed by an English feudal tenant for the benefit of his lord which formed the consideration for the property granted to him
service,serve.n.01,(sports) a stroke that puts the ball in play
service,service.n.13,the act of delivering a writ or summons upon someone
service,overhaul.n.01,periodic maintenance on a car or machine
service,service.n.15,the performance of duties by a waiter or servant
speaker,speaker.n.01,someone who expresses in language; someone who talks (especially someone who delivers a public speech or someone especially garrulous)
speaker,loudspeaker.n.01,electro-acoustic transducer that converts electrical signals into sounds loud enough to be heard at a distance
speaker,speaker.n.03,the presiding officer of a deliberative assembly
spring,spring.n.01,the season of growth
spring,spring.n.02,a metal elastic device that returns to its shape or position when pushed or pulled or pressed
spring,spring.n.03,a natural flow of ground water
spring,spring.n.04,a point at which water issues forth
spring,give.n.01,the elasticity of something that can be stretched and returns to its original length
spring,leap.n.01,"a light, self-propelled movement upwards or forwards"
star,star.n.01,(astronomy) a celestial body of hot gases that radiates energy derived from thermonuclear reactions in the interior
star,ace.n.03,someone who is dazzlingly skilled in any field
star,star.n.03,any celestial body visible (as a point of light) from the Earth at night
star,star.n.04,an actor who plays a principal role
star,star.n.05,a plane figure with 5 or more points; often used as an emblem
star,headliner.n.01,a performer who receives prominent billing
star,asterisk.n.01,a star-shaped character * used in printing
star,star_topology.n.01,the topology of a network whose components are connected to a hub
state,state.n.01,the territory occupied by one of the constituent administrative districts of a nation
state,state.n.02,the way something is with respect to its main attributes
state,state.n.03,the group of people comprising the government of a sovereign state
state,state.n.04,a politically organized body of people under a single government
state,state_of_matter.n.01,(chemistry) the three traditional states of matter are solids (fixed shape and volume) and liquids (fixed volume and shaped by the container) and gases (filling the container)
state,state.n.06,a state of depression or agitation
state,country.n.02,the territory occupied by a nation
state,department_of_state.n.01,the federal department in the United States that sets and maintains foreign policies
station,station.n.01,a facility equipped with special equipment and personnel for a particular purpose
station,place.n.10,proper or designated social situation
station,station.n.03,(nautical) the location to which a ship or fleet is assigned for duty
station,post.n.01,the position where someone (as a guard or sentry) stands or is assigned to stand
station,station.n.05,the frequency assigned to a broadcasting station
study,survey.n.01,a detailed critical inspection
study,study.n.02,applying the mind to learning and understanding a subject (especially by reading)
study,report.n.01,a written document describing the findings of some individual or group
study,study.n.04,a state of deep mental absorption
study,study.n.05,a room used for reading and writing and studying
study,discipline.n.01,a branch of knowledge
study,sketch.n.01,preliminary drawing for later elaboration
study,cogitation.n.02,attentive consideration and meditation
study,study.n.09,someone who memorizes quickly and easily (as the lines for a part in a play)
study,study.n.10,a composition intended to develop one aspect of the performer's technique
table,table.n.01,a set of data arranged in rows and columns
table,table.n.02,a piece of furniture having a smooth flat top that is usually supported by one or more vertical legs
table,table.n.03,a piece of furniture with tableware for a meal laid out on it
table,mesa.n.01,flat tableland with steep edges
table,table.n.05,a company of people assembled at a table for a meal or game
table,board.n.04,food or meals in general
term,term.n.01,a word or expression used for some particular thing
term,term.n.02,a limited period of time
term,condition.n.07,(usually plural) a statement of what is required as part of an agreement
term,term.n.04,any distinct quantity contained in a polynomial
term,term.n.05,one of the substantive phrases in a logical proposition
term,term.n.06,the end of gestation or point at which birth is imminent
term,terminus.n.03,(architecture) a statue or a human bust or an animal carved out of the top of a square pillar; originally used as a boundary marker in ancient Rome
title,title.n.01,a heading that names a statute or legislative bill; may give a brief summary of the matters it deals with
title,title.n.02,the name of a work of art or literary composition etc.
title,title.n.03,a general or descriptive heading for a section of a written work
title,championship.n.01,the status of being a champion
title,deed.n.01,a legal document signed and sealed and delivered to effect a transfer of property and to show the legal right to possess it
title,title.n.06,an identifying appellation signifying status or function: e.g. `Mr.' or `General'
title,title.n.07,an established or recognized right
title,title.n.08,(usually plural) written material introduced into a movie or TV show to give credits or represent dialogue or explain an action
title,title.n.09,an appellation signifying nobility
title,claim.n.04,an informal right to something
track,path.n.04,a line or route along which something travels or moves
track,lead.n.03,evidence pointing to a possible solution
track,track.n.03,a pair of parallel rails providing a runway for wheels
track,racetrack.n.01,a course over which races are run
track,cut.n.08,a distinct selection of music from a recording or a compact disc
track,track.n.06,an endless metal belt on which tracked vehicles move over the ground
track,track.n.07,(computer science) one of the circular magnetic paths on a magnetic disk that serve as a guide for writing and reading data
track,track.n.08,a groove on a phonograph recording
track,track.n.09,a bar or pair of parallel bars of rolled steel making the railway along which railroad cars or other vehicles can roll
track,track.n.10,any road or path affording passage especially a rough one
track,track.n.11,the act of participating in an athletic competition involving running on a track
volume,volume.n.01,the amount of 3-dimensional space occupied by an object
volume,bulk.n.02,the property of something that is great in magnitude
volume,book.n.02,physical objects consisting of a number of pages bound together
volume,volume.n.04,a publication that is one of a set of several similar publications
volume,volume.n.05,a relative amount
volume,volume.n.06,the magnitude of sound (usually in a specified direction)
way,manner.n.01,how something is done or how it happens
way,means.n.01,how a result is obtained or an end is achieved
way,direction.n.01,a line leading to a place or point
way,way.n.04,the condition of things generally
way,way.n.05,a course of conduct
way,way.n.06,any artifact consisting of a road or path affording passage from one place to another
way,way.n.07,a journey or passage
way,room.n.02,space for movement
way,way.n.09,the property of distance in general
way,way.n.10,doing as one pleases or chooses
way,way.n.11,a general category of things; used in the expression `in the way of'
way,way.n.12,a portion of something divided into shares
work,work.n.01,activity directed toward making or doing something
work,work.n.02,a product produced or accomplished through the effort or activity or agency of a person or thing
work,employment.n.02,the occupation for which you are paid
work,study.n.02,applying the mind to learning and understanding a subject (especially by reading)
work,work.n.05,(physics) a manifestation of energy; the transfer of energy from one physical system to another expressed as the product of a force and the distance through which it moves a body in the direction of that force
work,workplace.n.01,a place where work is done
work,oeuvre.n.01,the total output of a writer or artist (or a substantial part of it)
